id;numero;date_debut;date_fin;exercice;designation
1;redundant Total Towels;2024-04-15T18:55:32;2024-04-16T03:57:59;de navigating;generate a tan
2;indexing;2024-04-15T15:59:50;2024-04-15T17:25:41;olive deposit niches;Refined Salad
3;sky;2024-04-16T00:06:21;2024-04-16T02:53:18;web-readiness;Mouse complexity
4;Ingenieur;2024-04-16T02:04:01;2024-04-16T04:27:04;metrics transmitting c;arabes
5;Angola demand-driven;2024-04-16T12:16:22;2024-04-15T17:55:12;hack Chips Plastic;Tuna
6;Turkm√©nistan Corse;2024-04-15T19:08:33;2024-04-15T20:28:22;web-enabled Champagne-Ardenne 5th;Avon non-volatile groupware
7;haptic Visionary;2024-04-15T17:11:08;2024-04-16T08:20:40;throughput Charlemagne;wireless Fresh Congolese
8;Metal;2024-04-16T10:38:12;2024-04-15T15:08:13;transparent;Champagne-Ardenne program
9;Books Niger service-desk;2024-04-15T21:16:49;2024-04-15T17:26:56;Bretagne invoice Small;Shirt
10;Specialiste Superviseur;2024-04-16T10:08:49;2024-04-15T16:41:30;Ergonomic Guyane Proactive;Steel Assistant SCSI
